{"cameraMode":{"drawMode":0,"name":"Shaded","section":"Shading Mode"},"sceneLighting":true,"audioPlay":false,"sceneViewState":{"m_AlwaysRefresh":false,"showFog":true,"showSkybox":true,"showFlares":true,"showImageEffects":true,"showParticleSystems":true,"showVisualEffectGraphs":true,"m_FxEnabled":true},"in2DMode":false,"pivot":{"x":4.743915557861328,"y":1.463958501815796,"z":0.16574132442474366},"rotation":{"x":0.019271841272711755,"y":0.7433580756187439,"z":-0.021410224959254266,"w":0.668326735496521},"size":3.320162773132324,"orthographic":false}